Contig_ID	Length_Mb	Telomere_Status	Corrected_Status	Quality_Score	Likely_Reversed	Orientation_Confidence	Start_Pattern_Type	End_Pattern_Type	Suggested_Action	Dominant_Start_Repeat	Dominant_End_Repeat	Start_Density	End_Density	Evidence
chr16	65.48	both_ends	both_ends	100.0	NO	0.90	forward	reverse	none	CCCTAA	TTAGGG	166.20	166.40	{'start_forward_count': 831, 'start_reverse_count': 0, 'end_forward_count': 0, 'end_reverse_count': 832, 'expected_pattern': 'Start should have CCCTAA, End should have TTAGGG', 'observed_pattern': 'Start has forward, End has reverse', 'reasoning': 'Normal telomere orientation detected'}
chr8	50.67	start_only	start_only	100.0	NO	0.30	forward	mixed	manual_review	CCCTAA	TAGG	165.60	3.20	{'start_forward_count': 828, 'start_reverse_count': 0, 'end_forward_count': 17, 'end_reverse_count': 16, 'expected_pattern': 'Start should have CCCTAA, End should have TTAGGG', 'observed_pattern': 'Start has forward, End has mixed', 'reasoning': 'Mixed patterns detected - possible assembly errors or complex genomic structures'}
chr3	44.60	start_only	start_only	100.0	NO	0.10	forward	forward	increase_window	CCCTAA	TAGG	165.80	2.20	{'start_forward_count': 829, 'start_reverse_count': 0, 'end_forward_count': 35, 'end_reverse_count': 11, 'expected_pattern': 'Start should have CCCTAA, End should have TTAGGG', 'observed_pattern': 'Start has forward, End has forward', 'reasoning': 'Weak telomere signals - consider increasing window size'}
chr20	42.37	both_ends	both_ends	100.0	NO	0.90	forward	reverse	none	CCCTAA	TTAGGG	165.40	166.60	{'start_forward_count': 827, 'start_reverse_count': 0, 'end_forward_count': 0, 'end_reverse_count': 833, 'expected_pattern': 'Start should have CCCTAA, End should have TTAGGG', 'observed_pattern': 'Start has forward, End has reverse', 'reasoning': 'Normal telomere orientation detected'}
chr9	37.51	both_ends	both_ends	100.0	NO	0.90	forward	reverse	none	CCCTAA	TTAGGG	166.20	164.40	{'start_forward_count': 831, 'start_reverse_count': 0, 'end_forward_count': 0, 'end_reverse_count': 822, 'expected_pattern': 'Start should have CCCTAA, End should have TTAGGG', 'observed_pattern': 'Start has forward, End has reverse', 'reasoning': 'Normal telomere orientation detected'}
chr12	37.46	start_only	start_only	100.0	NO	0.30	forward	mixed	manual_review	CCCTAA	TAGG	166.60	2.00	{'start_forward_count': 833, 'start_reverse_count': 0, 'end_forward_count': 13, 'end_reverse_count': 10, 'expected_pattern': 'Start should have CCCTAA, End should have TTAGGG', 'observed_pattern': 'Start has forward, End has mixed', 'reasoning': 'Mixed patterns detected - possible assembly errors or complex genomic structures'}
chr2	37.44	both_ends	both_ends	100.0	NO	0.90	forward	reverse	none	CCCTAA	TTAGGG	166.60	162.40	{'start_forward_count': 833, 'start_reverse_count': 0, 'end_forward_count': 0, 'end_reverse_count': 812, 'expected_pattern': 'Start should have CCCTAA, End should have TTAGGG', 'observed_pattern': 'Start has forward, End has reverse', 'reasoning': 'Normal telomere orientation detected'}
chr15	37.32	both_ends	both_ends	100.0	NO	0.90	forward	reverse	none	CCCTAA	TTAGGG	166.60	133.00	{'start_forward_count': 833, 'start_reverse_count': 0, 'end_forward_count': 5, 'end_reverse_count': 665, 'expected_pattern': 'Start should have CCCTAA, End should have TTAGGG', 'observed_pattern': 'Start has forward, End has reverse', 'reasoning': 'Normal telomere orientation detected'}
chr17	35.87	start_only	start_only	100.0	NO	0.30	forward	mixed	manual_review	CCCTAA	TAGG	164.60	2.80	{'start_forward_count': 823, 'start_reverse_count': 0, 'end_forward_count': 23, 'end_reverse_count': 14, 'expected_pattern': 'Start should have CCCTAA, End should have TTAGGG', 'observed_pattern': 'Start has forward, End has mixed', 'reasoning': 'Mixed patterns detected - possible assembly errors or complex genomic structures'}
chr22	35.77	end_only	end_only	100.0	NO	0.30	mixed	reverse	manual_review	CCTA	TTAGGG	5.80	162.80	{'start_forward_count': 29, 'start_reverse_count': 52, 'end_forward_count': 0, 'end_reverse_count': 814, 'expected_pattern': 'Start should have CCCTAA, End should have TTAGGG', 'observed_pattern': 'Start has mixed, End has reverse', 'reasoning': 'Mixed patterns detected - possible assembly errors or complex genomic structures'}
chr19	35.70	none	none	59.68	YES	0.80	reverse	mixed	reverse_complement	TAGG	CCTA	6.40	3.00	{'start_forward_count': 10, 'start_reverse_count': 32, 'end_forward_count': 15, 'end_reverse_count': 11, 'expected_pattern': 'Start should have CCCTAA, End should have TTAGGG', 'observed_pattern': 'Start has reverse, End has mixed', 'reasoning': 'Strong evidence for reversed orientation based on pattern distribution', 'start_used_reversed': True, 'end_used_reversed': True}
chr13	35.61	end_only	end_only	100.0	NO	0.30	mixed	reverse	manual_review	CCTA	TTAGGG	4.20	164.80	{'start_forward_count': 21, 'start_reverse_count': 28, 'end_forward_count': 0, 'end_reverse_count': 824, 'expected_pattern': 'Start should have CCCTAA, End should have TTAGGG', 'observed_pattern': 'Start has mixed, End has reverse', 'reasoning': 'Mixed patterns detected - possible assembly errors or complex genomic structures'}
chr4	35.58	start_only	start_only	100.0	NO	0.10	forward	forward	increase_window	CCCTAA	TAGG	165.60	1.60	{'start_forward_count': 828, 'start_reverse_count': 0, 'end_forward_count': 22, 'end_reverse_count': 8, 'expected_pattern': 'Start should have CCCTAA, End should have TTAGGG', 'observed_pattern': 'Start has forward, End has forward', 'reasoning': 'Weak telomere signals - consider increasing window size'}
chr11	32.56	none	none	61.568	YES	0.80	mixed	mixed	reverse_complement	TAGG	CCTA	11.20	5.00	{'start_forward_count': 28, 'start_reverse_count': 56, 'end_forward_count': 25, 'end_reverse_count': 14, 'expected_pattern': 'Start should have CCCTAA, End should have TTAGGG', 'observed_pattern': 'Start has mixed, End has mixed', 'reasoning': 'Strong evidence for reversed orientation based on pattern distribution', 'start_used_reversed': True, 'end_used_reversed': True}
chr14	32.16	both_ends	both_ends	100.0	NO	0.90	forward	reverse	none	CCCTAA	TTAGGG	165.20	152.60	{'start_forward_count': 826, 'start_reverse_count': 0, 'end_forward_count': 0, 'end_reverse_count': 763, 'expected_pattern': 'Start should have CCCTAA, End should have TTAGGG', 'observed_pattern': 'Start has forward, End has reverse', 'reasoning': 'Normal telomere orientation detected'}
chr5	30.68	both_ends	both_ends	100.0	NO	0.90	forward	reverse	none	CCCTAA	TTAGGG	96.60	121.00	{'start_forward_count': 483, 'start_reverse_count': 6, 'end_forward_count': 2, 'end_reverse_count': 605, 'expected_pattern': 'Start should have CCCTAA, End should have TTAGGG', 'observed_pattern': 'Start has forward, End has reverse', 'reasoning': 'Normal telomere orientation detected'}
chr21	28.90	both_ends	both_ends	100.0	NO	0.90	forward	reverse	none	CCCTAA	TTAGGG	164.80	163.80	{'start_forward_count': 824, 'start_reverse_count': 0, 'end_forward_count': 0, 'end_reverse_count': 819, 'expected_pattern': 'Start should have CCCTAA, End should have TTAGGG', 'observed_pattern': 'Start has forward, End has reverse', 'reasoning': 'Normal telomere orientation detected'}
chr10	27.60	start_only	start_only	99.92	NO	0.30	forward	mixed	manual_review	CCCTAA	TAGG	161.80	2.20	{'start_forward_count': 809, 'start_reverse_count': 0, 'end_forward_count': 6, 'end_reverse_count': 11, 'expected_pattern': 'Start should have CCCTAA, End should have TTAGGG', 'observed_pattern': 'Start has forward, End has mixed', 'reasoning': 'Mixed patterns detected - possible assembly errors or complex genomic structures'}
chr6	26.73	end_only	end_only	99.93	NO	0.10	reverse	reverse	increase_window	CCTA	TTAGGG	2.00	165.00	{'start_forward_count': 10, 'start_reverse_count': 28, 'end_forward_count': 0, 'end_reverse_count': 825, 'expected_pattern': 'Start should have CCCTAA, End should have TTAGGG', 'observed_pattern': 'Start has reverse, End has reverse', 'reasoning': 'Weak telomere signals - consider increasing window size'}
chr1	26.61	end_only	end_only	100.0	NO	0.30	mixed	reverse	manual_review	CCTA	TTAGGG	3.20	163.40	{'start_forward_count': 16, 'start_reverse_count': 21, 'end_forward_count': 0, 'end_reverse_count': 817, 'expected_pattern': 'Start should have CCCTAA, End should have TTAGGG', 'observed_pattern': 'Start has mixed, End has reverse', 'reasoning': 'Mixed patterns detected - possible assembly errors or complex genomic structures'}
chr7	26.34	start_only	start_only	100.0	NO	0.30	forward	mixed	manual_review	CCCTAA	TAGG	165.40	5.80	{'start_forward_count': 827, 'start_reverse_count': 0, 'end_forward_count': 46, 'end_reverse_count': 29, 'expected_pattern': 'Start should have CCCTAA, End should have TTAGGG', 'observed_pattern': 'Start has forward, End has mixed', 'reasoning': 'Mixed patterns detected - possible assembly errors or complex genomic structures'}
chr23	26.24	both_ends	both_ends	100.0	NO	0.90	forward	reverse	none	CCCTAA	TTAGGG	164.60	163.60	{'start_forward_count': 823, 'start_reverse_count': 0, 'end_forward_count': 0, 'end_reverse_count': 818, 'expected_pattern': 'Start should have CCCTAA, End should have TTAGGG', 'observed_pattern': 'Start has forward, End has reverse', 'reasoning': 'Normal telomere orientation detected'}
chr18	26.24	end_only	end_only	100.0	NO	0.30	mixed	reverse	manual_review	CCTA	TTAGGG	3.80	162.80	{'start_forward_count': 19, 'start_reverse_count': 15, 'end_forward_count': 0, 'end_reverse_count': 814, 'expected_pattern': 'Start should have CCCTAA, End should have TTAGGG', 'observed_pattern': 'Start has mixed, End has reverse', 'reasoning': 'Mixed patterns detected - possible assembly errors or complex genomic structures'}
scaffold31	3.17	none	none	58.47	NO	0.30	reverse	mixed	manual_review	CCTA	TAGG	0.80	3.00	{'start_forward_count': 4, 'start_reverse_count': 10, 'end_forward_count': 8, 'end_reverse_count': 15, 'expected_pattern': 'Start should have CCCTAA, End should have TTAGGG', 'observed_pattern': 'Start has reverse, End has mixed', 'reasoning': 'Mixed patterns detected - possible assembly errors or complex genomic structures'}
scaffold25	3.01	none	none	68.35	NO	0.30	mixed	mixed	manual_review	CCTA	TAGG	2.40	4.60	{'start_forward_count': 12, 'start_reverse_count': 16, 'end_forward_count': 12, 'end_reverse_count': 23, 'expected_pattern': 'Start should have CCCTAA, End should have TTAGGG', 'observed_pattern': 'Start has mixed, End has mixed', 'reasoning': 'Mixed patterns detected - possible assembly errors or complex genomic structures'}
scaffold30	2.48	none	none	71.55	NO	0.30	mixed	mixed	manual_review	CCTA	TAGG	3.80	4.40	{'start_forward_count': 19, 'start_reverse_count': 12, 'end_forward_count': 16, 'end_reverse_count': 22, 'expected_pattern': 'Start should have CCCTAA, End should have TTAGGG', 'observed_pattern': 'Start has mixed, End has mixed', 'reasoning': 'Mixed patterns detected - possible assembly errors or complex genomic structures'}
scaffold26	2.05	none	none	34.3	NO	0.30	mixed	forward	manual_review	CCTA		2.40	0.00	{'start_forward_count': 12, 'start_reverse_count': 7, 'end_forward_count': 10, 'end_reverse_count': 0, 'expected_pattern': 'Start should have CCCTAA, End should have TTAGGG', 'observed_pattern': 'Start has mixed, End has forward', 'reasoning': 'Mixed patterns detected - possible assembly errors or complex genomic structures'}
scaffold33	1.98	none	none	75.63	NO	0.30	mixed	mixed	manual_review	CCTA	TAGG	4.40	5.40	{'start_forward_count': 22, 'start_reverse_count': 22, 'end_forward_count': 19, 'end_reverse_count': 27, 'expected_pattern': 'Start should have CCCTAA, End should have TTAGGG', 'observed_pattern': 'Start has mixed, End has mixed', 'reasoning': 'Mixed patterns detected - possible assembly errors or complex genomic structures'}
scaffold29	1.82	none	none	64.71	NO	0.30	reverse	mixed	manual_review	CCTA	TAGG	2.00	3.60	{'start_forward_count': 10, 'start_reverse_count': 25, 'end_forward_count': 17, 'end_reverse_count': 18, 'expected_pattern': 'Start should have CCCTAA, End should have TTAGGG', 'observed_pattern': 'Start has reverse, End has mixed', 'reasoning': 'Mixed patterns detected - possible assembly errors or complex genomic structures'}
scaffold27	1.74	none	none	67.32	NO	0.30	mixed	mixed	manual_review	CCTA	TAGG	3.00	3.60	{'start_forward_count': 15, 'start_reverse_count': 10, 'end_forward_count': 16, 'end_reverse_count': 18, 'expected_pattern': 'Start should have CCCTAA, End should have TTAGGG', 'observed_pattern': 'Start has mixed, End has mixed', 'reasoning': 'Mixed patterns detected - possible assembly errors or complex genomic structures'}
scaffold28	1.61	none	none	64.68	NO	0.30	mixed	mixed	manual_review	CCTA	TTAGG	2.80	2.80	{'start_forward_count': 14, 'start_reverse_count': 14, 'end_forward_count': 11, 'end_reverse_count': 14, 'expected_pattern': 'Start should have CCCTAA, End should have TTAGGG', 'observed_pattern': 'Start has mixed, End has mixed', 'reasoning': 'Mixed patterns detected - possible assembly errors or complex genomic structures'}
scaffold32	0.52	none	none	56.776	YES	0.80	mixed	mixed	reverse_complement	TAGG	CCTA	3.80	4.20	{'start_forward_count': 12, 'start_reverse_count': 19, 'end_forward_count': 21, 'end_reverse_count': 17, 'expected_pattern': 'Start should have CCCTAA, End should have TTAGGG', 'observed_pattern': 'Start has mixed, End has mixed', 'reasoning': 'Strong evidence for reversed orientation based on pattern distribution', 'start_used_reversed': True, 'end_used_reversed': True}
scaffold24	0.03	none	none	76.72	NO	0.30	mixed	mixed	manual_review	CCTA	TAGG	6.00	8.20	{'start_forward_count': 30, 'start_reverse_count': 43, 'end_forward_count': 26, 'end_reverse_count': 41, 'expected_pattern': 'Start should have CCCTAA, End should have TTAGGG', 'observed_pattern': 'Start has mixed, End has mixed', 'reasoning': 'Mixed patterns detected - possible assembly errors or complex genomic structures'}
